"02/28/2019  07:14 PM            53,724 0012a730dfa437f5f3613fb75efcd4ce.jpg"
"02/28/2019  07:14 PM            47,610 009a3c4f6626e4750f74ceb8e8ed8760.jpg"
"02/28/2019  07:14 PM            45,086 010a0d3eb52479f4af474662ee0f67ee.jpg"
"02/28/2019  07:14 PM            31,295 012ca7efe684c5cdfb83f35e8fbafe1b.jpg"
"02/28/2019  07:14 PM            41,245 013c030b78079c77fbe8133d74d58acd.jpg"
"02/28/2019  07:14 PM            28,144 013c469ce5bd1117b248883dee30a38d.jpg"
"02/28/2019  07:14 PM            69,827 014da249523b906a840f8c33ae055cf3.jpg"
"02/28/2019  07:14 PM            12,736 015a6039ba5ca1a76b7f856c654ee9a1.jpg"
"02/28/2019  07:14 PM            31,662 015a6a8a46302983fad0e5ea258b351a.jpg"
"02/28/2019  07:14 PM            20,469 017aa2284919402a4da3032182417622.jpg"
"02/28/2019  07:14 PM            44,573 020d14c04769cdc0aba82befd41816da.jpg"
"02/28/2019  07:14 PM            25,357 021ad1825ea4fc5c0af6edc805fbcb8e.jpg"
"02/28/2019  07:14 PM            23,328 023c0a9675c4e09e7de76be0fad3d52f.jpg"
"02/28/2019  07:14 PM            22,123 09b770df98721d813129ba5c789b08a5.jpg"
"02/28/2019  07:14 PM            14,526 09be34319680d5e6a5608f74d4825271.jpg"
"02/28/2019  07:14 PM            53,092 09cbd98c55f58ad0535b5066c72e6e42.jpg"
"02/28/2019  07:14 PM            25,971 09d5118c848bc579eff8cfb669fd7aa1.jpg"
"02/28/2019  07:14 PM            11,195 09d8b8ff0e64f4e8f908827efdd114ae.jpg"
"02/28/2019  07:14 PM            28,810 09db0bb220cdbbc0adca63e38e64ab38.jpg"
"02/28/2019  07:14 PM            91,401 09e339bf702691a9f75b0d30cfca4314.jpg"
"02/28/2019  07:14 PM            40,812 09e51e17e2b756ff2ace8a87bd1443fa.jpg"
"02/28/2019  07:14 PM            31,831 09ef5442c370eb7eeb08e6796c5ff5b5.jpg"
"02/28/2019  07:14 PM            11,430 09fddf304d2789cfbb55935237dbac13.jpg"
"02/28/2019  07:14 PM             7,802 10a25198b6d293a07b4c8dcee0c8a5d6.jpg"
"02/28/2019  07:14 PM            27,972 10b2f665b8dc7303d020e91d362f4806.jpg"
"02/28/2019  07:14 PM            25,643 10c4c824396380cbc41c36f28b1b9baf.jpg"
"02/28/2019  07:14 PM            23,958 10cd1f206da577eb0ef2ba6ce012b385.jpg"
"02/28/2019  07:14 PM            25,774 10dbf30635323f90703abc5d76493902.jpg"
"02/28/2019  07:14 PM            53,365 10dd4c08b975b10fe0af5cbc0fcac3db.jpg"
"02/28/2019  07:14 PM            58,083 10f5107a94eaa2355bc66f095e1ee9fc.jpg"
"02/28/2019  07:14 PM            17,177 10f80b8de09cb45fa1b66d5f0502e33b.jpg"
"02/28/2019  07:14 PM            23,846 10fa39f9e7509328be0ca0d352fcbf37.jpg"
"02/28/2019  07:14 PM            17,798 10faaeac53d791eaab517fc05b6a7145.jpg"
"02/28/2019  07:14 PM            53,856 11a126ba3ccaed35f95547b5f787ea61.jpg"
"02/28/2019  07:14 PM            19,130 11a1f410bc886bcd880fb90462c58f23.jpg"
"02/28/2019  07:14 PM            24,674 11a2226cad4e1bcebb4015c28fd2c7e3.jpg"
"02/28/2019  07:14 PM            41,124 11afb2f9fb9fa4cc2bd7bdb01ba61f55.jpg"
"02/28/2019  07:14 PM            32,608 11b5a669c42cb18ce0f354de59d7bf70.jpg"
"02/28/2019  07:14 PM            10,521 11b6d3d460aa9c03baa3cdd090307e23.jpg"
"02/28/2019  07:14 PM            38,848 11b9304325e35c1689108ba4632daedf.jpg"
"02/28/2019  07:14 PM            38,356 11ba3daa43c68b88bc27dc3ff0af397e.jpg"
"02/28/2019  07:14 PM            62,997 11da794edbcb3f36ab3bb60427252404.jpg"
"02/28/2019  07:14 PM            21,440 11e7cf5d0c964af74cb3418f4d1cd082.jpg"
"02/28/2019  07:14 PM            12,440 11ef436b9b2fcafb39fa824d6b9511d0.jpg"
"02/28/2019  07:14 PM            28,782 11f1d13042c0409b87fb39414f189e52.jpg"
"02/28/2019  07:14 PM            51,341 11f97a2aa89580a78f440a2b320b8a65.jpg"
"02/28/2019  07:14 PM            51,321 11f9a644c6e7a1ec847b917e99462e72.jpg"
"02/28/2019  07:14 PM            10,388 11fc120159d97b9f6f27e107666e93f6.jpg"
"02/28/2019  07:14 PM            30,082 11fd8887c88af2cad11b1f0824bbb3b2.jpg"
"02/28/2019  07:14 PM            86,572 12a5a3abbcb676f7eaf490073d30f978.jpg"
"02/28/2019  07:14 PM            25,755 12a8312dcf3d19999da1d4ce3c529015.jpg"
"02/28/2019  07:14 PM            67,502 12adb23a6969f47b596b2b05af391a3a.jpg"
"02/28/2019  07:14 PM            32,523 12befc23d4fc8e63325b22c449d0c30a.jpg"
"02/28/2019  07:14 PM            62,181 12c3287c880cb83dfbc9cbce3d2952be.jpg"
"02/28/2019  07:14 PM            57,881 12d213e502b778cbe2ee799eb8b0be3f.jpg"
"02/28/2019  07:14 PM            18,408 12de4497b6e8192acf57ece5594307af.jpg"
"02/28/2019  07:14 PM            41,398 12e5137dc606e09c78c9b27a1891ea87.jpg"
"02/28/2019  07:14 PM            43,232 12eb5437f03772e0cbb27269310a3964.jpg"
"02/28/2019  07:14 PM            20,665 12fbe9c28a931d4ed89a1ce769d685b0.jpg"
"02/28/2019  07:14 PM            58,590 12fc8d15f26d5cb004e386e74a80dcd0.jpg"
"02/28/2019  07:14 PM            22,847 13a381ae2724b106211dc638931b43c0.jpg"
"02/28/2019  07:14 PM            23,156 13ac212ccfb9ab1b85bf2aa5da2a96bb.jpg"
"02/28/2019  07:14 PM            44,152 13ae7a8703585a08642d9598aeb2fbb7.jpg"
"02/28/2019  07:14 PM            46,475 13b4953cc9afdcf603692f74a7cf8048.jpg"
"02/28/2019  07:14 PM            26,745 13b4ff9966c0eb2586caff2225cac832.jpg"
"02/28/2019  07:14 PM            27,247 13b6f9b3dcbab9a4ba4b5c3de3cd5f6f.jpg"
"02/28/2019  07:14 PM            10,959 13bbf5b7a9d2372c266af16905acfa25.jpg"
"02/28/2019  07:14 PM            17,334 13c4c05d309fd5f8d307735515cc74c4.jpg"
"02/28/2019  07:14 PM            11,932 13cce51b2d667bdf3f05beb9a64be795.jpg"
"02/28/2019  07:14 PM            36,557 13d4e348df7d68efc1cc4da882c8485b.jpg"
"02/28/2019  07:14 PM            35,272 13d754a5773abf7b3671c1b426fb71df.jpg"
"02/28/2019  07:14 PM            34,517 13d7f2f5ce86397e813dcf24d6cc449d.jpg"
"02/28/2019  07:14 PM             8,363 13dbf5ece2fbece654f6007c0dd9dfe7.jpg"
"02/28/2019  07:14 PM            43,967 13dc58cba81afbfeffc64b17c35a44b1.jpg"
"02/28/2019  07:14 PM            61,052 13df0e8382cdcb5ed60c853079a3958e.jpg"
"02/28/2019  07:14 PM            47,813 13e8727d23e2bb8c8f453379edb2e93e.jpg"
"02/28/2019  07:14 PM            30,577 14b0dfc136f86ca7b07dcc5d1837b8b1.jpg"
"02/28/2019  07:14 PM            42,442 14bf19a775ba09562b39a639d15e7c01.jpg"
"02/28/2019  07:14 PM            21,526 14c184c41c90fdcca3411e730ae4737c.jpg"
"02/28/2019  07:14 PM            32,352 14c213ac8dee633a006a846c30fc5801.jpg"
"02/28/2019  07:14 PM            22,326 14cc1817643b420a63d4a86b7a2484ce.jpg"
"02/28/2019  07:14 PM            35,690 14cc27d72512eded5b580e642fecbe95.jpg"
"02/28/2019  07:14 PM            25,397 14ce33cdebd8d5dddeb10af3c1f135b2.jpg"
"02/28/2019  07:14 PM            49,458 14dac63a8e92005b685c7d39ddd8ed40.jpg"
"02/28/2019  07:14 PM            32,478 14defd8af56bb99f3585114425e4f4dd.jpg"
"02/28/2019  07:14 PM            28,369 14e30f71501187fd727a31132162f9d4.jpg"
"02/28/2019  07:14 PM            35,338 14e4f44bf8f6cbdb439c7e230ba12f96.jpg"
"02/28/2019  07:14 PM            19,646 14edac8c1c5ff73be5da45c527f756a1.jpg"
"02/28/2019  07:15 PM            13,107 15ae8b2ff3d848d68a507281595a04f0.jpg"
"02/28/2019  07:15 PM            42,565 15bf9b209d1e2a227028408b617822b2.jpg"
"02/28/2019  07:15 PM            51,570 15cc70e270c48a1e19125a172e90a147.jpg"
"02/28/2019  07:15 PM            49,185 15d19747ffe5fb9f8a3cb1aa0974483c.jpg"
"02/28/2019  07:15 PM            22,717 15d58b312740384cd1fdd289735ca6b5.jpg"
"02/28/2019  07:15 PM            27,218 15d67a6eac16feef4d12f44cbcbe289d.jpg"
"02/28/2019  07:15 PM            22,576 15dc293771e16bf634691bf78c7da0a7.jpg"
"02/28/2019  07:15 PM            14,185 15e18e644542e0c8777d0cc04d5f1469.jpg"
"02/28/2019  07:15 PM            41,315 15e1e7f0c942bc77e04097abcf18f6e3.jpg"
"02/28/2019  07:15 PM            44,003 15e309c647d4775893d4bc09c4aeed7a.jpg"
"02/28/2019  07:15 PM            11,501 15e3385bb48b60e73b0daf9a02749b0b.jpg"
"02/28/2019  07:15 PM            35,457 15e68e9c0c2d81303fdfa1b0cfd290f8.jpg"
"02/28/2019  07:15 PM            25,825 15eb91d38d13be03d41639899e923053.jpg"
"02/28/2019  07:15 PM            29,694 15f7d6903c4de20523875cf8afb7012e.jpg"
"02/28/2019  07:15 PM            43,784 15f9bce2f39a0855b04d1fcc173e5f7a.jpg"
"02/28/2019  07:15 PM            18,086 15f9e1944262b31e59787377fff818c3.jpg"
"02/28/2019  07:15 PM            23,409 15ff3e68e2352305e87acf8905591f9b.jpg"
"02/28/2019  07:15 PM            20,691 16a6150b6b5a84a2f0ee2c07f79125ff.jpg"
"02/28/2019  07:15 PM            32,964 16a7e9f6d674462e90c403dd2044f462.jpg"
"02/28/2019  07:15 PM            58,801 16ba21d0aa8ebc2830260518f66efafc.jpg"
"02/28/2019  07:15 PM            10,485 16c26e38cb350c186b2ebd8bb228ed90.jpg"
"02/28/2019  07:15 PM            33,536 16c99eae8d1d81d632d5a76fa9448a68.jpg"
"02/28/2019  07:15 PM            11,246 16cd0ecab645b8d0629296fe0ee728f0.jpg"
"02/28/2019  07:15 PM            49,609 16d1f5bfb4ff87c4865f158d8c4a915d.jpg"
"02/28/2019  07:15 PM            19,638 16d37a5c6ddaf444ab5585627be4adce.jpg"
"02/28/2019  07:15 PM            26,334 16d7e06f92d7def2ff74136dde7a36e1.jpg"
"02/28/2019  07:15 PM            37,232 16e8523182b15d1fd9119070fdc56ac8.jpg"
"02/28/2019  07:15 PM            42,526 16e979f5cd47a91d0c9aa629668b3487.jpg"
"02/28/2019  07:15 PM            24,540 16ead4e130b3e89220eb965932a8682c.jpg"
"02/28/2019  07:15 PM            43,112 17a4665e63f73d0f01089a4e153c33c4.jpg"
"02/28/2019  07:15 PM            28,533 17b19a43d3850f943f4fe414be7d7356.jpg"
"02/28/2019  07:15 PM            53,437 17b658036c3bdba71b5261f2355cf3c2.jpg"
"02/28/2019  07:15 PM            35,294 17b66006b38a52e0df51caf0ed4dd864.jpg"
"02/28/2019  07:15 PM            36,094 17b8437db4c5a5b2554e68e6be1cf258.jpg"
"02/28/2019  07:15 PM            23,666 17bc09f7599a3ba843d9b0086e9f8222.jpg"
"02/28/2019  07:15 PM            44,679 17c65518370bcb25a6e35c638c0e0bb6.jpg"
"02/28/2019  07:15 PM            56,653 17c9e54626577c259d861cc61ff95508.jpg"
"02/28/2019  07:15 PM            40,425 17d16148fb9d0a995996e498b47207a2.jpg"
"02/28/2019  07:15 PM            54,695 17da96aeabd29ffc77318c6e3dd7e171.jpg"
"02/28/2019  07:15 PM            41,262 17db3d5f42821f3642a5c0cf87c19cdf.jpg"
"02/28/2019  07:15 PM            41,543 17e920568743683f52ae1c777a41247d.jpg"
"02/28/2019  07:15 PM            40,637 17ebd8501f1ce70bfeb6a344785fce06.jpg"
"02/28/2019  07:15 PM            31,154 17f4d165ec245786ddf2256a5c73c6e7.jpg"
"02/28/2019  07:15 PM            32,287 17f840f8bfc7ef60eec37f9ee52c9517.jpg"
"02/28/2019  07:15 PM            30,605 17fac4b3bbf21f095de5564f9d18eec9.jpg"
"02/28/2019  07:15 PM            48,808 17fad5c53d5c3f3ceb068038730df8d5.jpg"
"02/28/2019  07:15 PM            40,752 17fdd16097523ffb2db27cdd9374168e.jpg"
"02/28/2019  07:15 PM            39,630 18a99d36b66096509b40e2dc0b0f703c.jpg"
"02/28/2019  07:15 PM            61,335 18aeddcc3ce1bb9aad5f9d1d8f4154df.jpg"
"02/28/2019  07:15 PM            20,927 18b4b3e234b18b3df5fca201c2572f4f.jpg"
"02/28/2019  07:15 PM            19,365 18b7dd028d5537cf5e02885bb18ae82d.jpg"
"02/28/2019  07:15 PM            41,604 18b84991b24399dbfa651bbd7e8c0c85.jpg"
"02/28/2019  07:15 PM            45,738 18c37f1db8d6950a031f9433bf9bc71b.jpg"
"02/28/2019  07:15 PM            49,376 18c3a1daa3feda2a3836a3e3f246faa5.jpg"
"02/28/2019  07:15 PM            30,324 18c3a6f7569d115f3663e75677565550.jpg"
"02/28/2019  07:15 PM            29,777 18c6b3769a215ea325655dcc1b692c54.jpg"
"02/28/2019  07:15 PM            42,102 18c99cf825402eac387412e6fe6f3cba.jpg"
"02/28/2019  07:15 PM            37,366 18c9bd6df42e3ae92ffcf815b5c2cc0b.jpg"
"02/28/2019  07:15 PM            88,467 18cbee3b24e31624e0a049a2a327561a.jpg"
"02/28/2019  07:15 PM            42,844 18cf06b0c6a59c6891bf6f5a42bcc73d.jpg"
"02/28/2019  07:15 PM            24,660 18d344e127337b8acc18e7dfd84b49f8.jpg"
"02/28/2019  07:15 PM            22,564 18dba93ad1e08a88aa83c3c8d58a5429.jpg"
"02/28/2019  07:15 PM            21,059 18dc6ac1728bfc0ce7de1cbcc09f83f4.jpg"
"02/28/2019  07:15 PM            46,262 18f330c68ce2bdf7291b10baa3561e63.jpg"
"02/28/2019  07:15 PM           221,113 19a22f9ed38c609f49b56323fdcf1a43.jpg"
"02/28/2019  07:15 PM            21,154 19a3f51f2473ba3def8fa21fc3f26eaf.jpg"
"02/28/2019  07:15 PM            28,172 19ab5466e29ae76e27d1c7211d6af610.jpg"
"02/28/2019  07:15 PM            72,113 19b1e11f86974f208cc97fefe7f8301f.jpg"
"02/28/2019  07:15 PM            77,012 19b6fda352ab1b71ecab1d7ebd27031a.jpg"
"02/28/2019  07:15 PM            44,077 19bdc20c98121b733bfbed25e6e5624d.jpg"
"02/28/2019  07:15 PM            25,202 19d09545a9c43a55be984279b12c6c6a.jpg"
"02/28/2019  07:15 PM            37,270 19d4c256efa1df2eb502d4e3fe6a7de3.jpg"
"02/28/2019  07:15 PM            33,844 19d6b8224b471815c850e149f0a67adf.jpg"
"02/28/2019  07:15 PM            28,868 19d9156a53d9f29305e2c3dcda475a2f.jpg"
"02/28/2019  07:15 PM            76,323 19dd56d1372f6e8f6dde7484ddacfd53.jpg"
"02/28/2019  07:15 PM             7,247 19e7eda1886b78f754522a4dccaa480a.jpg"
"02/28/2019  07:15 PM            71,209 19eb30911450a6314e3875558012f0e6.jpg"
"02/28/2019  07:15 PM             5,630 19edaa27d65bb14aa6140ac05910cf80.jpg"
"02/28/2019  07:15 PM            43,105 19f85012f6cb636e921c947dc7c5b48d.jpg"
"02/28/2019  07:15 PM            59,186 20a45da826224a3bf23672e2e186f5ac.jpg"
"02/28/2019  07:15 PM            35,337 20a9e6a5982c29e8e16b8c3114ef06b6.jpg"
"02/28/2019  07:15 PM            24,650 20ac42cf4ac3464dbd61f3fca7d2716f.jpg"
"02/28/2019  07:15 PM            24,687 20b024f1951c415334a1cf12c0bedbd3.jpg"
"02/28/2019  07:15 PM            36,364 20bd4e49b310f8b366e4947499b1ece0.jpg"
"02/28/2019  07:15 PM            64,639 20c299e2bae9397f845cb938dedabde5.jpg"
"02/28/2019  07:15 PM            41,413 20d1255f2c5c32baa6c0a6cbb659a184.jpg"
"02/28/2019  07:15 PM            37,478 20d14fb3517af117763a501e72335276.jpg"
"02/28/2019  07:15 PM            34,430 20d15fbc56f635f26bbba607309e838c.jpg"
"02/28/2019  07:15 PM            35,179 20db4454a42b9760ff220d24e138f1b4.jpg"
"02/28/2019  07:15 PM            26,138 20def15f33dced381a60dc2929f0cb8b.jpg"
"02/28/2019  07:15 PM            44,675 20e561f5bf09685d3cd0ca4431fc7961.jpg"
"02/28/2019  07:15 PM            47,286 20ee82df3bd13f4a70578f41cf2aca36.jpg"
"02/28/2019  07:15 PM            45,771 20f2d1f8bc9f9ec249d8b6bf9ccd9308.jpg"
"02/28/2019  07:15 PM            31,378 20f5562b978b2fc8495c51f03d2682f3.jpg"
"02/28/2019  07:15 PM            25,765 21b00e403aa5933fbfcd1a476c9d789b.jpg"
"02/28/2019  07:15 PM            11,379 21ba363165c9eb542b9f67a6e9f1da57.jpg"
"02/28/2019  07:15 PM            52,329 21baffa04a02a03199ef302face8945d.jpg"
"02/28/2019  07:15 PM             3,585 21ca3205f590adf0f266ef71323bba49.jpg"
"02/28/2019  07:15 PM            48,432 21d03041afbfa3cb5680b8e1cb422001.jpg"
"02/28/2019  07:15 PM            30,341 21d9417da917b9081a42d426edfffdbb.jpg"
"02/28/2019  07:15 PM            47,226 21d9948fcea23bcade1344614a2bd8ae.jpg"
"02/28/2019  07:15 PM            12,758 21e69bb2e4abde3db1207fb0414348ea.jpg"
"02/28/2019  07:15 PM            39,050 21e874df199f1c06e041040b35cbc716.jpg"
"02/28/2019  07:15 PM            12,561 21edf3fbbc677848c32043bd1e429e5e.jpg"
"02/28/2019  07:15 PM            23,084 21f81344e0f2c32b42f3751249da62ce.jpg"
"02/28/2019  07:15 PM            23,147 21f8a3e634b14adb3cdce5e9d552fdb7.jpg"
"02/28/2019  07:15 PM            56,316 21f9d58f2e0525ef045a6ceb1da7b2be.jpg"
"02/28/2019  07:15 PM            49,634 21fbf9c54b7c9d9ff1c6809a591f55eb.jpg"
"02/28/2019  07:15 PM            43,442 21fecc9ad1cd0fed9d19662c7a69d31e.jpg"
"02/28/2019  07:15 PM            14,356 22a524ec5efe207d70753917b48d50f6.jpg"
"02/28/2019  07:15 PM            15,311 22abfb780e344844faf14a1f5d402735.jpg"
"02/28/2019  07:15 PM            21,554 22acdc1aa7bd526e90d12e74b7a8b79e.jpg"
"02/28/2019  07:15 PM            45,984 22b388b0a3db051c4adf4e9d6f0af6ee.jpg"
"02/28/2019  07:15 PM            45,151 22b957455d999fc585fd1634f0178c06.jpg"
"02/28/2019  07:15 PM            36,391 22c8766959adf03e8ec97bf7fb6a89db.jpg"
"02/28/2019  07:15 PM            32,065 22ceeed76fe2f66f8c820cbb24c5d05b.jpg"
"02/28/2019  07:15 PM            33,174 22dfa94e131e840a76e4961c3455004b.jpg"
"02/28/2019  07:15 PM            16,049 22e14f4f9a29bd3b6211d1c900d608f8.jpg"
"02/28/2019  07:15 PM            35,363 22e505cea377535bb668f3f8fa745464.jpg"
"02/28/2019  07:15 PM            47,600 22ec59eff108fd9bde99ac72f7bc129c.jpg"
"02/28/2019  07:15 PM            17,752 22f21f7d5ad5143c3af51710d05efc61.jpg"
"02/28/2019  07:15 PM            30,701 22f57f0c7cf7a5dc0c70e6b0077be631.jpg"
"02/28/2019  07:15 PM            15,798 22f62d7194a0dd28884d51482c4e4675.jpg"
"02/28/2019  07:15 PM            28,671 22f847ce70cd839a1c83b4730958c423.jpg"
"02/28/2019  07:15 PM            37,646 22f8e7b687205a4a6a6f0ffd3bc507e1.jpg"
"02/28/2019  07:15 PM            39,268 22f9ef172a6e025788569cd69a688b26.jpg"
"02/28/2019  07:15 PM            29,153 23a4829b5b7d607f30eb7e707fee5aae.jpg"
"02/28/2019  07:15 PM            41,517 23a849cf21f4a759477f1013997af060.jpg"
"02/28/2019  07:15 PM            19,953 23ad2971a6a2d2570f573ebf6a1962fb.jpg"
"02/28/2019  07:15 PM            33,822 23b15493751b54bd911efd99d25bd808.jpg"
"02/28/2019  07:15 PM            30,976 23b8314b67a64e270af6d68bdd280344.jpg"
"02/28/2019  07:15 PM            10,094 23b9a62c52d9f314d96e699a45386122.jpg"
"02/28/2019  07:15 PM            55,084 23bc7d6110bffa07ef451e07831ae9ac.jpg"
"02/28/2019  07:15 PM            23,651 23c0b890455847dff5466160a297ba62.jpg"
"02/28/2019  07:15 PM            26,767 23d489248197ea8e1a342fbe3acd7cbd.jpg"
"02/28/2019  07:15 PM            57,529 23d55b7ad498120662e7d54d22ff6a2b.jpg"
"02/28/2019  07:15 PM            35,774 23de43477e38ec0e956d78dc2d001716.jpg"
"02/28/2019  07:15 PM            44,449 23df0336ab3f54104f8702bd9d8e4cbb.jpg"
"02/28/2019  07:15 PM            18,012 23e05851da8dad6e64f3ba6ccfc3ea59.jpg"
"02/28/2019  07:15 PM            14,349 23e3de07d79b125aa21651f6d2bb972b.jpg"
"02/28/2019  07:15 PM            38,232 23e96791e6156374a4df86004dbc1d6f.jpg"
"02/28/2019  07:15 PM            19,009 23e9f1d6a1a0d5a7b495b3f4795187d8.jpg"
"02/28/2019  07:15 PM             3,594 23ebeb57e74030f84613c46d473fa37f.jpg"
"02/28/2019  07:15 PM            66,180 23ebf0984257373fa2b942173a486edc.jpg"
"02/28/2019  07:15 PM            31,992 23f8bbfda11fdf717b1e15824c689352.jpg"
"02/28/2019  07:15 PM            46,942 24a9b9e453ffa6995b458b3fb0e01bcc.jpg"
"02/28/2019  07:15 PM            15,449 24af2fdaecb3ccdfd03e245721331e90.jpg"
"02/28/2019  07:15 PM            28,875 24b56e8bf5d615f200a5dffb2770e02f.jpg"
"02/28/2019  07:15 PM            22,587 24b5d5145f82f13bfeb31cb2c6ef1695.jpg"
"02/28/2019  07:15 PM            49,287 24cddcbe8d130e1e237e9773d1076864.jpg"
"02/28/2019  07:15 PM            35,683 24ce0188531a4c78ae85ff70b0ed0646.jpg"
"02/28/2019  07:15 PM            34,222 24ddab3f8e662659e3e72ee942579d14.jpg"
"02/28/2019  07:15 PM            23,799 24ddae4d4b53d75f6ff50ba37e5babbc.jpg"
"02/28/2019  07:15 PM            50,840 24e2d249ccc920754ef322acd3e9cab9.jpg"
"02/28/2019  07:15 PM            11,944 24e90bd57d61e15d150cc7d5e7c5f61f.jpg"
"02/28/2019  07:15 PM            36,020 24ea2e01a7cf3250a0fbc6b5a06f6664.jpg"
"02/28/2019  07:15 PM            33,059 24f3b1082fd8f2582054f6380dea306b.jpg"
"02/28/2019  07:15 PM            23,632 24f3f3e9af7ab0f4aea5b1b9cb0c0ab5.jpg"
"02/28/2019  07:15 PM            36,453 24fd7a13a219a5db46490e62e3d7a15a.jpg"
"02/28/2019  07:15 PM            41,437 24ffb0af0b820f3c4edd73b77db62f30.jpg"
"02/28/2019  07:15 PM            28,819 25a29473a494fcb7650d545e4face02e.jpg"
"02/28/2019  07:15 PM            26,637 25a8f0ff09e61a6b5654efd8c3ea62e3.jpg"
"02/28/2019  07:15 PM            47,093 25b0df1059b8c1839e1a1b2726f6dd7b.jpg"
"02/28/2019  07:15 PM            31,102 25b3a365952dd0a757aaa8fcca4c3e6b.jpg"
"02/28/2019  07:15 PM            74,587 25b45743facea5e9f312ccf620ba29a8.jpg"
"02/28/2019  07:15 PM            19,126 25b6f2df9ba63a3962ed2b3c611a4a49.jpg"
"02/28/2019  07:15 PM            29,991 25ba0484e0c90b93cefc170e5489c2f0.jpg"
"02/28/2019  07:15 PM            25,413 25c0949504ab6e22aae6bdf8ca2ffd4a.jpg"
"02/28/2019  07:15 PM            35,819 25c524b25fc54f908f132099c965bf51.jpg"
"02/28/2019  07:15 PM            47,545 25c88ab100f3e86e4a0215bfbcafd2c4.jpg"
"02/28/2019  07:15 PM            27,263 25c98fb2a4c219f3f3a6cb8481a663af.jpg"
"02/28/2019  07:15 PM            25,691 25d0ef34c87dbdf118fb714f0bc3e59b.jpg"
"02/28/2019  07:15 PM             7,110 25d131ecdf7d4937ee31b248c3d0b5c3.jpg"
"02/28/2019  07:15 PM            19,197 25d32967a5cf563bb8fd3c4d8b3ae3d9.jpg"
"02/28/2019  07:15 PM            27,286 25d5777273913fe257d9b45d2ef60bd3.jpg"
"02/28/2019  07:15 PM            34,726 25dd9f73f713ad472d95697253018e7a.jpg"
"02/28/2019  07:15 PM            46,200 25dffabd74fba90f45cd55431015a65d.jpg"
"02/28/2019  07:15 PM            29,538 25e2efdc61780749685a756a3e2ef3cf.jpg"
"02/28/2019  07:15 PM            64,188 25e6efde199e2074ecb4a101582c82b5.jpg"
"02/28/2019  07:15 PM            53,054 25e8c74e28dcf61df26b9db643ec37b5.jpg"
"02/28/2019  07:16 PM            26,580 8a08c0b0d4554a270f66f2f16278ee70.jpg"
"02/28/2019  07:16 PM            55,817 8a1222b78d7560c78f63c753b6f90a62.jpg"
"02/28/2019  07:16 PM            28,533 8a2645e4a739d5076793f3e05de2ec70.jpg"
"02/28/2019  07:16 PM            11,278 8a35dc48384df0b36655c328913c00e6.jpg"
"02/28/2019  07:16 PM            16,525 8a38d298030de0839b39518521102063.jpg"
"02/28/2019  07:16 PM            62,823 8a43b0e4ecfb318f9661cd6c3eace60d.jpg"
"02/28/2019  07:16 PM            34,129 8a475b429f698b3808c835743aa1a645.jpg"
"02/28/2019  07:16 PM            27,724 8a54a2c1d7f8706ff19a9b22b8a10836.jpg"
"02/28/2019  07:16 PM            22,630 8a5597d3e7e2795f8adcc0dea110b0b6.jpg"
"02/28/2019  07:16 PM            13,435 8a61ad45cae28a62f8a173f62cdb20da.jpg"
"02/28/2019  07:16 PM            81,606 8a664cfab6a707829de93defe6e37177.jpg"
"02/28/2019  07:16 PM            33,073 8a687550c11c8aaf465f7736b545526b.jpg"
"02/28/2019  07:16 PM            17,778 8a6f0c3be55e8f27fe5bc3b45562fc90.jpg"
"02/28/2019  07:16 PM            22,715 8a79b175c4615cd35a305b94d4d2b4fe.jpg"
"02/28/2019  07:16 PM            31,670 8a7b51a510eb45f02fc329937446a8ce.jpg"
"02/28/2019  07:16 PM            41,403 8a7bfbbb5b1d83bb5e37d4b38994bd43.jpg"
"02/28/2019  07:16 PM            25,889 8a8a09e8027523785fd16d4e0a81f7e9.jpg"
"02/28/2019  07:16 PM            45,571 8a8dda8d9a2747ebfeaedb7bfcd38e19.jpg"
"02/28/2019  07:16 PM            17,961 8a90cb35ebeb872781026fc3e28a3dc5.jpg"
"02/28/2019  07:16 PM            44,863 8a918d65fa1080f9b68b720e72a0575e.jpg"
"02/28/2019  07:16 PM            30,846 8a91ae135fb17ceb2cf06b970f317224.jpg"
"02/28/2019  07:16 PM            38,054 8aa49bb2a9dddc1b22b98c31689f9e38.jpg"
"02/28/2019  07:16 PM            36,265 8aae8be6586b2e85b541772bac04753d.jpg"
"02/28/2019  07:16 PM            60,936 8ab2c099a5ffb7e5b9781c4e4317a4fe.jpg"
"02/28/2019  07:16 PM             9,932 8ad2e12d5c8535891394762cab345037.jpg"
"02/28/2019  07:16 PM            25,841 8ad3937bc14f65b69b214c13bcd0c470.jpg"
"02/28/2019  07:16 PM            34,082 8adee3dc0f0a75618cc13ff1bec631fb.jpg"
"02/28/2019  07:16 PM            33,466 8adfd086c589385da9ce828c24668b4c.jpg"
"02/28/2019  07:16 PM            23,232 8ae10e59bf4a2fe7f3f83cbb85fcac29.jpg"
"02/28/2019  07:16 PM            29,968 8ae6507ca81fd304317c8459d6ca1fff.jpg"
"02/28/2019  07:16 PM            10,502 8af1ca9f371b05a8e64d5862830c355c.jpg"
"02/28/2019  07:16 PM            46,270 8afca9586bc891d8b9e1512e4b07b861.jpg"
"02/28/2019  07:16 PM            45,855 8b04879c87f77830bf329b3feb3653f4.jpg"
"02/28/2019  07:16 PM            34,102 8b0ac147b0333ac94d052451da7366aa.jpg"
"02/28/2019  07:16 PM            18,688 8b0bb138f43faaeafd1c52ed79ce0067.jpg"
"02/28/2019  07:16 PM            53,464 8b1ada6dd7072a18f649edbcfa01963c.jpg"
"02/28/2019  07:16 PM            26,313 8b1f5142b35559f43175e99a346dc9f0.jpg"
"02/28/2019  07:16 PM            12,478 8b203552cefac6573c9b2035d1c5c1fc.jpg"
"02/28/2019  07:16 PM            46,524 8b28479e91f8ffd7bd120712ca0bac54.jpg"
"02/28/2019  07:16 PM            17,073 8b287172b2f51d8c936f8ac59004e363.jpg"
"02/28/2019  07:16 PM            38,110 8b33a560e7fb076fc991b3eaedf68ca0.jpg"
"02/28/2019  07:16 PM            39,933 8b3a2436fbf887abae6d42c52aec4b8d.jpg"
"02/28/2019  07:16 PM            48,171 8b3c622300b7e50b38df7e19063dcac1.jpg"
"02/28/2019  07:16 PM            32,388 8b3cb25c2ebac1154ac793f464e05a74.jpg"
"02/28/2019  07:16 PM            60,731 8b3d18a05a38498feb192fa741732239.jpg"
"02/28/2019  07:16 PM             9,137 8b42b4de0207ef139154aeb8bbc3e5b2.jpg"
"02/28/2019  07:16 PM            10,187 8b502ae2739309d134a3bed6a2e6d07f.jpg"
"02/28/2019  07:16 PM            22,380 8b6af049e23783b399ffa00edb426ff9.jpg"
"02/28/2019  07:16 PM            74,065 8b6ff551ccb530d325f9de6dccd9e546.jpg"
"02/28/2019  07:16 PM            31,228 8b841f58cf3bbbe5fc7e168bf8e99049.jpg"
"02/28/2019  07:16 PM            29,127 8b842f121c77fc2ca1eaac41fea241cf.jpg"
"02/28/2019  07:16 PM            57,799 8b8d72130422055510dc5fd93e2153d1.jpg"
"02/28/2019  07:16 PM            29,432 8b8edc4c341b44e3a7e9e6d6a1d60cf6.jpg"
"02/28/2019  07:16 PM            27,912 8b8ee4a861b59958ecebd8b37e211826.jpg"
"02/28/2019  07:16 PM            36,443 8b9ceefa2e085f31fd6401d211e48b87.jpg"
"02/28/2019  07:16 PM            67,079 8b9d4d393e8596e412ca9c32f6fb2125.jpg"
"02/28/2019  07:16 PM            38,626 8ba655ea2e2356b3d2588023092c2e1e.jpg"
"02/28/2019  07:16 PM            40,392 8ba73ad008103e2462c5ce577e410ada.jpg"
"02/28/2019  07:16 PM            31,934 8bbb4408f2dbcd27b4b750f3749173d3.jpg"
"02/28/2019  07:17 PM            20,779 8bc098fd981ba69ebb346b6a1608b0b5.jpg"
"02/28/2019  07:17 PM            32,044 8bc0f5a226a4a9edb680ad5b677e9288.jpg"
"02/28/2019  07:17 PM             5,655 8bc77630dcd27b24a102ed83b41e2544.jpg"
"02/28/2019  07:17 PM            34,759 8bc792cb4efce8c886878b96fbe1eb63.jpg"
"02/28/2019  07:17 PM            26,799 8bcc3746cfe1b07b0c0162d9bab0fd46.jpg"
"02/28/2019  07:17 PM            21,008 8bcd7f1a3db6fbea8ba681aa7d4ebc1e.jpg"
"02/28/2019  07:17 PM            35,588 8bcd9b2e171111039c45518139d0417d.jpg"
"02/28/2019  07:17 PM            32,318 8bdc1bb017b6d13f87819804504953b3.jpg"
"02/28/2019  07:17 PM            49,029 8bde8fb33daba35bbf4e6560e5bc45a6.jpg"
"02/28/2019  07:17 PM            25,701 8bf189c52b9c3a9ca2095515b24d60d8.jpg"
"02/28/2019  07:17 PM            29,787 8bf8defe18c6db0efbd60d80706b1eab.jpg"
"02/28/2019  07:17 PM            27,667 8bfaadf26932b13538d99ec45aacf15b.jpg"
"02/28/2019  07:17 PM            48,631 8c1449129e0f0560d254961eedb718bd.jpg"
"02/28/2019  07:17 PM            39,456 8c1b371cc8d0d0949889da9c95bbe24e.jpg"
"02/28/2019  07:17 PM            11,682 8c20eefa661a36f6c8dbf4047a7d568f.jpg"
"02/28/2019  07:17 PM            34,766 8c258ae1f133a0f970ba981bafb73bdd.jpg"
"02/28/2019  07:17 PM            38,064 8c325e060e3ef7a833861e834be15abe.jpg"
"02/28/2019  07:17 PM            41,543 8c3d8b3dba778fa9dd1753315a5afe13.jpg"
"02/28/2019  07:17 PM            49,871 8c495e6a6f7cd44e01a823a6c767b2da.jpg"
"02/28/2019  07:17 PM            42,262 8c543f881fbed3b143f8eef96968514e.jpg"
"02/28/2019  07:17 PM            14,852 8c5442d028fdf92119a23980f1ae2885.jpg"
"02/28/2019  07:17 PM            29,931 8c55bc2ffeba5ca56a0557998b5521d8.jpg"
"02/28/2019  07:17 PM            16,675 8c567325012bf8d7daeff453ec959312.jpg"
"02/28/2019  07:17 PM            23,006 8c5d04891180854184b470daf88efb96.jpg"
"02/28/2019  07:17 PM            14,883 8c61bc9753e79ce7f3a7cfcf33c15dc9.jpg"
"02/28/2019  07:17 PM            23,107 8c624a5ccbef70e5fc4494a110db4a7c.jpg"
"02/28/2019  07:17 PM            47,102 8c636f0b2ad879065367f882c99cfad3.jpg"
"02/28/2019  07:17 PM            46,458 8c6543b095b30bc982491436982aff92.jpg"
"02/28/2019  07:17 PM            20,974 8c6f366b8410fe8d58cb47c71df22cc7.jpg"
"02/28/2019  07:17 PM            52,734 8c739de9854e9893c45c4ba4aee47c23.jpg"
"02/28/2019  07:17 PM            21,170 8c743a627f427dad6111a4ed0a538fc0.jpg"
"02/28/2019  07:17 PM            28,135 8c7e7873890d76ec2ad67d1b3e363e74.jpg"
"02/28/2019  07:17 PM            70,247 8c8a47cac8b6fd7aae1ed898424216a0.jpg"
"02/28/2019  07:17 PM            33,268 8c939bd1f3d83fbe915789d2ffd94597.jpg"
"02/28/2019  07:17 PM            29,602 8c9e1c7b34cb5a5de00dc8f18302db76.jpg"
"02/28/2019  07:17 PM            49,431 8ca5e99cd9c0b57bddb78d9b1afa9273.jpg"
"02/28/2019  07:17 PM            22,880 8ca7020b25c515b928a4280e80f45d4f.jpg"
"02/28/2019  07:17 PM            23,972 8cae042f3768456fc0b9c85f1d6cd7d1.jpg"
"02/28/2019  07:17 PM            40,667 8cb223ef6f495972c87c07a2fce4228f.jpg"
"02/28/2019  07:17 PM            33,496 8cb22840b91101fac84dc2be7affe418.jpg"
"02/28/2019  07:17 PM            10,772 8cb522c49fb69e289ccc8fb296fbe97c.jpg"
"02/28/2019  07:17 PM            30,978 8cbea8595993c0f55000ff525a9c889e.jpg"
"02/28/2019  07:17 PM            50,388 8cc6e4b0f7e2a8409fcd6365860720ee.jpg"
"02/28/2019  07:17 PM            13,623 8cda507092b7949e29a98ecce8e5cae6.jpg"
"02/28/2019  07:17 PM            32,758 8cdee3fa4a2ddb10be702ac3e632b6be.jpg"
"02/28/2019  07:17 PM            30,558 8ce6c3b48389a0cd8723eeab09e98f49.jpg"
"02/28/2019  07:17 PM            22,648 8cf2b4b073ab5d90aac14a33b35f25c3.jpg"
"02/28/2019  07:17 PM            36,791 8d0105c691dbfd0f80d9ecb95ea5f69d.jpg"
"02/28/2019  07:17 PM            44,310 8d084ae924856e69651505a847ef6e77.jpg"
"02/28/2019  07:17 PM            18,628 8d18204baf2bb27dc39b00aa763c784d.jpg"
"02/28/2019  07:17 PM            49,269 8d1cd65668a82ee339234e77db78ff74.jpg"
"02/28/2019  07:17 PM            29,171 8d243d285e72a16d8c266866f5e6738e.jpg"
"02/28/2019  07:17 PM            18,531 8d3a3f80d624dae142d10827ef3c4bfd.jpg"
"02/28/2019  07:17 PM            31,150 8d3acb8b5ae2c2dc0a133d28342595bc.jpg"
"02/28/2019  07:17 PM            11,123 8d3bf49670bfaa1810b81dc8d25ad2d7.jpg"
"02/28/2019  07:17 PM            17,545 8d3f8025509b52210d0eec149f29739f.jpg"
"02/28/2019  07:17 PM            26,413 8d49449b520df8e2c9af5babc3b8f07e.jpg"
"02/28/2019  07:17 PM            28,389 8d4c922dc3b59b2ad867ebeeca0d187f.jpg"
"02/28/2019  07:17 PM            21,789 8d518428469497046df8505b902356a9.jpg"
"02/28/2019  07:17 PM            49,213 8d56ecc3a52fac0969175537569048a7.jpg"
"02/28/2019  07:17 PM            43,593 8d5e67d4a02c44f377587a140b78f90b.jpg"
"02/28/2019  07:17 PM            36,986 8d661dfb329568d0f365c4f9a030b52d.jpg"
"02/28/2019  07:17 PM            27,287 8d6bde76cc47271d4b0d49d3b67ef0f5.jpg"
"02/28/2019  07:17 PM            52,977 8d75f78d7fb71a04aa911980328b8066.jpg"
"02/28/2019  07:17 PM            26,882 8d7be90433c849873a2917b4cd0b9885.jpg"
"02/28/2019  07:17 PM            64,773 8d7f27306ea76bca087a0f1fe1185d87.jpg"
"02/28/2019  07:17 PM            24,219 8d88b714ded29910d3f20474f22519b1.jpg"
"02/28/2019  07:17 PM            55,928 8d8b5a5a78a08b7e034b4c68bafeb966.jpg"
"02/28/2019  07:17 PM            11,856 8d96d649ecf963a2b47404ec96ba9ef2.jpg"
"02/28/2019  07:17 PM            38,499 8d97424bdc90381e1fc22b999887fd54.jpg"
"02/28/2019  07:17 PM            27,856 8d9d7de8056207cbe535f1ac9b678672.jpg"
"02/28/2019  07:17 PM            33,496 8dacb6973b785dbc667f4a39c2ff8af7.jpg"
"02/28/2019  07:17 PM            61,065 8dacca06fedcc9a683e310594babd901.jpg"
"02/28/2019  07:17 PM            44,348 8db1ec047cec0b11155046a929e3adff.jpg"
"02/28/2019  07:17 PM            39,222 8db69bf3a985059bfcd68efa1c5fce16.jpg"
"02/28/2019  07:17 PM            27,426 8db6b8f62434b16f4c83a6b807a322ff.jpg"
"02/28/2019  07:17 PM            50,391 8db94c3efe16b1d584ca43c4c8dea3b3.jpg"
"02/28/2019  07:17 PM            41,776 8dbc441067941a2038e016e0ea106541.jpg"
"02/28/2019  07:17 PM            16,597 8dc7ff54ae077a63cd489faa94684709.jpg"
"02/28/2019  07:17 PM            30,620 8de006e9f9bacefaef962e7d80203925.jpg"
"02/28/2019  07:17 PM            15,887 8de2344aa5abe9737fa484afaac5d4c4.jpg"
"02/28/2019  07:17 PM            25,235 8df56bd682bfe7d687a1bda3f6ab854e.jpg"
"02/28/2019  07:17 PM            38,839 8df9fb55617c9eb271087d1eda85a618.jpg"
"02/28/2019  07:17 PM            37,506 8e0d7d2c224de1d5716d7a69d7854d06.jpg"
"02/28/2019  07:17 PM             8,479 8e0e1207d6f244832d7bd02edb2fbf6a.jpg"
"02/28/2019  07:17 PM            54,280 8e0eb86900c0db3c0016131a94f49241.jpg"
"02/28/2019  07:17 PM            33,961 8e132d99a94e8ad63e2dd95bcda13994.jpg"
"02/28/2019  07:17 PM             5,290 8e18115d6aba90124c2a5b3942defd56.jpg"
"02/28/2019  07:17 PM            52,592 8e2013612b7d0584c9b70a541fed14dd.jpg"
"02/28/2019  07:17 PM            46,057 8e20b25bf88e226aa9c40ee0b33d1748.jpg"
"02/28/2019  07:17 PM            16,278 8e233d65e78ca5fb2051c03c7400566c.jpg"
"02/28/2019  07:17 PM            35,791 8e249641fabfced683abd7c5a4bfb9e7.jpg"
"02/28/2019  07:17 PM            33,270 8e25febdc662f5e500efe8ba2cf44cae.jpg"
"02/28/2019  07:17 PM            28,768 8e2730bb7651497a207bdcd467269818.jpg"
"02/28/2019  07:17 PM            21,931 8e2c33227fe576c8079aa41a5d177fb8.jpg"
"02/28/2019  07:17 PM            50,935 8e38a2da3dc51eedac2153c37b9b2ad6.jpg"
"02/28/2019  07:17 PM            13,842 8e3c42260a19524d2656ffedf34a008a.jpg"
"02/28/2019  07:17 PM            22,850 8e3e85e7d95ad085aaf3c945799d53e0.jpg"
"02/28/2019  07:17 PM            34,656 8e40a193b893c813a32d9d2f6c2e0dee.jpg"
"02/28/2019  07:17 PM            36,837 8e45d28a1b2e7d8672ea4e0efd06fbc1.jpg"
"02/28/2019  07:17 PM            18,107 8e4650fbb8b6d35b451f2c1b5935b049.jpg"
"02/28/2019  07:17 PM            21,141 8e4a0289c98b5dc2f2740121b30911c6.jpg"
"02/28/2019  07:17 PM            38,226 8e53560770c4f22fab9c92cafed86bcf.jpg"
"02/28/2019  07:17 PM            27,038 8e57f62df7501becdee7e94a6855962f.jpg"
"02/28/2019  07:17 PM            34,893 8e5882fdc5ffed3c02f05fb8c1add2bb.jpg"
"02/28/2019  07:17 PM            46,501 8e62b48cfc17c81454613a77c642345f.jpg"
"02/28/2019  07:17 PM             8,541 8e649b689c5f156ac0c0d0a7ebadf965.jpg"
"02/28/2019  07:17 PM            16,349 8e6a11df866b85cfb0f921b7947ae77d.jpg"
"02/28/2019  07:17 PM            42,923 8e78fefe5b7612a131e66a7fe616309a.jpg"
"02/28/2019  07:17 PM            26,734 8e7ca18f952999b5f678f7f7843d9b6d.jpg"
"02/28/2019  07:17 PM            39,106 8e839df1e76fbc901126915fc725699d.jpg"
"02/28/2019  07:17 PM            60,506 8e885b6ac52501854d470cc27e9f9a0a.jpg"
"02/28/2019  07:17 PM            38,964 8e8957436c6405e2579447229ea22a0d.jpg"
"02/28/2019  07:17 PM            14,960 8e89b8d436558a0f869a412e54c2538c.jpg"
"02/28/2019  07:17 PM            53,589 8e98c2c09c4eda62d8e6162dd31bef8e.jpg"
"02/28/2019  07:17 PM            32,373 8e9953eb1e35732413f9382aaa6f9e48.jpg"
"02/28/2019  07:17 PM            31,806 8e9b9260b7a105527c90fc4ddbc0add9.jpg"
"02/28/2019  07:17 PM            24,649 8e9e8d7d4ff0c336d869f9f372e4ef77.jpg"
"02/28/2019  07:17 PM            49,033 8ea1c9c721698b2173bccd612fd948ea.jpg"
"02/28/2019  07:17 PM            20,225 8ea913fc454a2628a5012d0dde92678c.jpg"
"02/28/2019  07:17 PM            13,417 8ead441b5308c4717d2f2420a4d00f70.jpg"
"02/28/2019  07:17 PM            34,382 8eb2d59b4f612268811fb7bb8daeb676.jpg"
"02/28/2019  07:17 PM            17,202 8eb46c1b8e2915a68706b118868e52ef.jpg"
"02/28/2019  07:17 PM           115,650 8eb4d197b67a2ee9670ab5576d568328.jpg"
"02/28/2019  07:17 PM            20,610 8ed8f1a59a47660bc47b27d4c8210212.jpg"
"02/28/2019  07:17 PM            15,924 8ef205befc91705986ec7d410c781c2a.jpg"
"02/28/2019  07:17 PM            13,621 8ef652e3a8e720c288bdd74b20f32070.jpg"
"02/28/2019  07:17 PM            29,918 8efffdbfd471a6f6841f0dcf8bf5652d.jpg"
"02/28/2019  07:17 PM            25,447 8f04cf0bdb91067c309c6be9c8f6ca7a.jpg"
"02/28/2019  07:17 PM            31,577 8f098408b4e10ac9bc42dceb7ed05bf3.jpg"
"02/28/2019  07:17 PM            39,135 8f0afee5014fa576e144445d2d0b3ea8.jpg"
"02/28/2019  07:17 PM            30,914 8f0b8518c478bf8654a8333355363243.jpg"
"02/28/2019  07:17 PM            31,119 8f0c59a69ee53ea445062d1428f494af.jpg"
"02/28/2019  07:17 PM            19,901 8f10b6ee461419518844f9a062350b67.jpg"
"02/28/2019  07:17 PM            19,013 8f115bf905b3a5f86c9809456c341926.jpg"
"02/28/2019  07:17 PM            41,305 8f1f7d57584552d193b1e70f10846247.jpg"
"02/28/2019  07:17 PM            49,458 8f25d0c00d66874752c0ae5dd2042205.jpg"
"02/28/2019  07:17 PM            48,673 8f2a68b096ec0c3e386a5cd401def800.jpg"
"02/28/2019  07:17 PM             8,755 8f2a946bfa3aa40374272d35589ff8cb.jpg"
"02/28/2019  07:17 PM            43,019 8f3578110cc6a1978a96f2f4c82cc752.jpg"
"02/28/2019  07:17 PM            29,102 8f3f10c29614afc2ed88a38c3673d904.jpg"
"02/28/2019  07:17 PM            32,889 8f4210be609c47ccd3c611a106e6c095.jpg"
"02/28/2019  07:17 PM            40,968 8f4728355a573b02599e61092297b943.jpg"
"02/28/2019  07:17 PM            38,080 8f476d4376ac9c9be8a85395ea385834.jpg"
"02/28/2019  07:17 PM            25,138 8f50a3bfee66f8416c35e0e471e29387.jpg"
"02/28/2019  07:17 PM            44,912 8f59740ac8b0c38d5ef550de7f47f726.jpg"
"02/28/2019  07:17 PM            28,175 8f5f9917577fb57657baf1ce3693e5e6.jpg"
"02/28/2019  07:17 PM            69,619 8f61a5ba54308a757439e6622b9de791.jpg"
"02/28/2019  07:17 PM            63,264 8f63f4918ebda3546c563f7520a46dcf.jpg"
"02/28/2019  07:17 PM            26,200 8f6483c9ef96c462820ce42b0facd19e.jpg"
"02/28/2019  07:17 PM            43,884 8f6f72343b68253f28088d771a9b343c.jpg"
"02/28/2019  07:17 PM            75,343 8f7380cd03aff61bf229083d9ef87307.jpg"
"02/28/2019  07:17 PM             7,999 8f7822c77aa8149639490731c09b478a.jpg"
"02/28/2019  07:17 PM            35,440 8f794ac826fc60c5a97980c6fd819743.jpg"
"02/28/2019  07:17 PM            69,151 8f87f0bac19b72a9919681fe3d4922e9.jpg"
"02/28/2019  07:17 PM            31,562 8f91d93c2e4adb3e765d33195adf19fd.jpg"
"02/28/2019  07:17 PM            29,384 8f9ddafd9fd5b651d8ad7a8e0fce41c9.jpg"
"02/28/2019  07:17 PM            50,556 8fb5b2405030a9f6d5c70a856429a938.jpg"
"02/28/2019  07:17 PM            23,976 8fc281faad8daf39c460a97eb8566b62.jpg"
"02/28/2019  07:17 PM            33,046 8fc80a5c2a4598e385dbccebd65c3a4a.jpg"
"02/28/2019  07:17 PM            25,568 8fca6aa250ef1d2ef5a4c4fe8ad45c35.jpg"
"02/28/2019  07:17 PM            38,158 8fd10a85c09ccef196b0efc12b0f9ef3.jpg"
"02/28/2019  07:17 PM            20,449 8fd1153f59951b76885647d9087e9d9f.jpg"
"02/28/2019  07:17 PM            48,764 8fd5100bc4ff91566af0b55c1197a98d.jpg"
"02/28/2019  07:17 PM            33,401 8fdf6b768f860b50a356b4128d3d6fb1.jpg"
"02/28/2019  07:17 PM            57,122 8fe6f24061b93340682ebbe85224d4f2.jpg"
"02/28/2019  07:17 PM            49,666 8feb9eccbfef639cfda236a73048f337.jpg"
"02/28/2019  07:17 PM            55,079 8ff393d19801032103f029e09eabfa2e.jpg"
"02/28/2019  07:17 PM            21,484 8ff5223db38c611b40517a142019749d.jpg"
"02/28/2019  07:17 PM            67,761 8ffb64ee0970306a0b01f7a2a8da73eb.jpg"
"02/28/2019  07:17 PM            15,363 8ffc8a83bb9ac7884a9420c97b23940c.jpg"
"02/28/2019  07:17 PM            20,643 9a00bcf5503669c20e7c347871f8fe6d.jpg"
"02/28/2019  07:17 PM            50,255 9a02419bcffab12ac039ee0994aa33e5.jpg"
"02/28/2019  07:17 PM            29,381 9a077a876c97cb4cd68351c9bb9a6e85.jpg"
"02/28/2019  07:17 PM            30,516 9a09f552db9297e798c695e23e2ce493.jpg"
"02/28/2019  07:17 PM            37,292 9a1380f07d84ac412e15adece00c507f.jpg"
"02/28/2019  07:17 PM            28,156 9a16e94d26df8072296897cc382bc5ca.jpg"
"02/28/2019  07:17 PM            25,510 9a1e9db30803e52c949f8490cdb91332.jpg"
"02/28/2019  07:17 PM            13,523 9a1f108a37b3bd43edbf5d41c67d527c.jpg"
"02/28/2019  07:17 PM            54,333 9a2e6ecc4f7bd1578d8c55f8eae0dad7.jpg"
"02/28/2019  07:17 PM            39,522 9a32d1d6c3d9a2cee0794f1e27737157.jpg"
"02/28/2019  07:17 PM            10,760 9a3d4652918b66cc694e6d4fbd65534e.jpg"
"02/28/2019  07:17 PM            11,623 9a472c0d05d01f72b968d5ad94a976c4.jpg"
"02/28/2019  07:17 PM            29,263 9a584d8bebcc4f20e99db53f36899664.jpg"
"02/28/2019  07:17 PM            45,344 9a5d178c8e74fcd1363759ff679989ae.jpg"
"02/28/2019  07:17 PM            30,028 9a613c652e14f754f304c7e34156063f.jpg"
"02/28/2019  07:17 PM            35,563 9a64ea7bf2211f9021da989ada36063f.jpg"
"02/28/2019  07:17 PM            26,064 9a66cdd070259faaafc7be8fc5d6597b.jpg"
"02/28/2019  07:17 PM            34,800 9a698b35679ff4911f4c2a816ca1c1b0.jpg"
"02/28/2019  07:17 PM            29,683 9a807493ecf8ba5b7e5cc599b7ae0b53.jpg"
"02/28/2019  07:17 PM            39,873 9a82b96f7fe2263d7174057e519e4c79.jpg"
"02/28/2019  07:17 PM            36,121 9a8b79966b15e951e45ab09ac096075c.jpg"
"02/28/2019  07:17 PM            42,827 9a8bd6d1ef39631fa2d139270837ab2c.jpg"
"02/28/2019  07:17 PM            30,897 9a8f1105e7f44d1c4ec3db50acf462ea.jpg"
"02/28/2019  07:17 PM            21,134 9a92b6ccf63fa248dd974389931c4806.jpg"
"02/28/2019  07:17 PM            10,961 9a9449fca1ebb1b8262ccb8eb682996c.jpg"
"02/28/2019  07:17 PM            15,670 9a9b00d800968e1b17c747ac1bcd237c.jpg"
"02/28/2019  07:17 PM            40,087 9a9f274697e2d195724c3e9f466eef25.jpg"
"02/28/2019  07:17 PM            29,709 9ab197a215a3126b619b1ecdd15d2fe4.jpg"
"02/28/2019  07:17 PM            43,698 9ab7200ef7989a89f77debd8a8bc676e.jpg"
"02/28/2019  07:17 PM            15,220 9abf82e145e7a8a180b247cc7ed47948.jpg"
"02/28/2019  07:17 PM            26,943 9ace4c5cced4fb88678a5b0a9b3f3cf1.jpg"
"02/28/2019  07:17 PM            47,178 9ad3e517a87941d3bf1ddf48ad9341b3.jpg"
"02/28/2019  07:17 PM            29,788 9adb4c6f4b1c3203626f7b130c7fe49a.jpg"
"02/28/2019  07:17 PM            38,422 9ade0473344201d2fdffbffdcafd7568.jpg"
"02/28/2019  07:17 PM            38,023 9ae491d2d92d6482083212b0435b8692.jpg"
"02/28/2019  07:17 PM            78,390 9ae64eb724d302df9b59eae70864962a.jpg"
"02/28/2019  07:17 PM            43,892 9af3bbb40276cb10c4725f02a17f8207.jpg"
"02/28/2019  07:17 PM            30,171 9afba284bede0fa7d5846bdf5662bd8a.jpg"
"02/28/2019  07:17 PM            38,558 9afea34dcea8f7b67f9dca0a6c82e6d5.jpg"
"02/28/2019  07:17 PM            25,129 9b03c8ed3d7ccbb5390ec421e2b599ed.jpg"
"02/28/2019  07:17 PM            44,018 9b0551f43a078d038a235b928cff6134.jpg"
"02/28/2019  07:17 PM            21,928 9b0f278136e7d37795bda08bd1ae5ccc.jpg"
"02/28/2019  07:17 PM            29,003 9b12c8d79079d6f3f3cba1f5a97f574e.jpg"
"02/28/2019  07:17 PM            28,082 9b14e6801b537a5fe978e7493bf9d33d.jpg"
"02/28/2019  07:17 PM            17,461 9b1725cc6a221bce4f5c05a219f8c74b.jpg"
"02/28/2019  07:17 PM            42,793 9b17ffdaae82c77ff642004a4408087b.jpg"
"02/28/2019  07:17 PM            29,021 9b1abbccd88b473bf8bbaba8272a630c.jpg"
"02/28/2019  07:17 PM            38,041 9b2ab3eeae747036be69ed78bb7f7a11.jpg"
"02/28/2019  07:17 PM             9,869 9b2f71ec73e1a3522b4d3f2f98fc1496.jpg"
"02/28/2019  07:17 PM            24,749 9b30a31e47b3e87b4e3a69203c79a89b.jpg"
"02/28/2019  07:17 PM            31,096 9b348ce9f36574e99cc664f5aa8cf5f7.jpg"
"02/28/2019  07:17 PM            15,317 9b4558133be7b2daffd8af5d7bdaa1a7.jpg"
"02/28/2019  07:17 PM            56,508 9b4ec59ebaaf73354fe9cf6e8137de75.jpg"
"02/28/2019  07:17 PM            53,557 9b53256312d57f6299a0cac786dfec11.jpg"
"02/28/2019  07:17 PM            37,663 9b55ca08b94e9210530ff6da1f606ebe.jpg"
"02/28/2019  07:17 PM            16,670 9b596309867587ed235d5c02223e67a2.jpg"
"02/28/2019  07:17 PM            40,455 9b5ff522c48a66c4a85eb418ad4a0ed0.jpg"
"02/28/2019  07:17 PM            31,107 9b64e3464ad6c1f9b54afbe2d0a243bd.jpg"
"02/28/2019  07:17 PM            14,263 9b7d0dd9bdb25cd641296cc4e558ff19.jpg"
"02/28/2019  07:17 PM            32,883 9b8c0e96d463d9f75febda2119299975.jpg"
"02/28/2019  07:17 PM            23,085 9b9247f34e7d34cb278063bdf724d542.jpg"
"02/28/2019  07:17 PM            45,229 9b96c615c6905811f8dd398d67863f81.jpg"
"02/28/2019  07:17 PM            26,184 9b9ba74d9508bef8bb13304f26bbb412.jpg"
"02/28/2019  07:17 PM            42,045 9ba77fa47b709c64e235050b28da8995.jpg"
"02/28/2019  07:17 PM             5,516 9bb4213b044033a0efffc81fefda6d2b.jpg"
"02/28/2019  07:17 PM            67,845 9bbfb1bca706049ca24bc7479a98ce8f.jpg"
"02/28/2019  07:17 PM            37,616 9bc1344b15a68dd1c05c6b504d7df260.jpg"
"02/28/2019  07:17 PM            51,833 9bc4847dd1203223ecc8760dc88bab25.jpg"
"02/28/2019  07:17 PM            25,023 9bc5701373a8e4cb3d64d75322a19f9b.jpg"
"02/28/2019  07:17 PM            25,225 9bc7df8ceab92b014fba2340cc671eb3.jpg"
"02/28/2019  07:17 PM             7,157 9bc8f7fc8cf58aca9e2c9e71e0a33c3d.jpg"
"02/28/2019  07:17 PM            27,524 9bcde951cb5d820636881a8e81eb7951.jpg"
"02/28/2019  07:17 PM            16,873 9bd26745a9d742a9b164b80d714f50df.jpg"
"02/28/2019  07:17 PM            39,656 9bd4d95322b3d0940b79c15e1dcd1d45.jpg"
"02/28/2019  07:17 PM            32,623 9bdee231306efbac04ef1280c2ab2fa0.jpg"
"02/28/2019  07:17 PM            53,618 9be4efc4e0cc8dd74753bca46b89821b.jpg"
"02/28/2019  07:17 PM            16,526 9bed1bb1258e5f8a0d2d82b39a5cad9c.jpg"
"02/28/2019  07:17 PM            30,655 9bf15d201302c9355d0315be22490ff9.jpg"
"02/28/2019  07:17 PM            42,196 9bf93ac268122f8985cd9dcafa2e3a85.jpg"
"02/28/2019  07:17 PM            25,449 9bfac33202b439e6a86a284f8ff4b5a8.jpg"
"02/28/2019  07:17 PM            39,901 9c046b86baa7048fba221c4276013aa4.jpg"
"02/28/2019  07:17 PM            38,760 9c2d24897586167cae2c8a0333b109f5.jpg"
"02/28/2019  07:17 PM            42,421 9c367f64333c1f6a15af6374a98ea194.jpg"
"02/28/2019  07:17 PM            30,448 9c3c4d2f72310435a7107303e50e5ec5.jpg"
"02/28/2019  07:17 PM            54,974 9c4aaa9c34c291a0fbcc5eb5136a3481.jpg"
"02/28/2019  07:17 PM            35,577 9c4b7039ae06959859cb1369d6450079.jpg"
"02/28/2019  07:17 PM            41,095 9c4e255917cd992d64adbf293ea4a856.jpg"
"02/28/2019  07:17 PM            38,452 9c57871c52d52861dd9d5bffde87dcc6.jpg"
"02/28/2019  07:17 PM            30,778 9c5dc5339dddb885e3d5a109e262ae7f.jpg"
"02/28/2019  07:17 PM            58,867 9c6451fbe3f7734ff3fe000b9c2de313.jpg"
"02/28/2019  07:17 PM            23,771 9c659a53dfb080036738108fdda4bcb5.jpg"
"02/28/2019  07:17 PM            36,726 9c73c910f44d6d01ba60b97adbec8712.jpg"
"02/28/2019  07:17 PM            38,544 9c749758e85e5b13fa7ff4498bd7b3f3.jpg"
"02/28/2019  07:17 PM            15,238 9c7817f5a1890558f7d83f16b29151b4.jpg"
"02/28/2019  07:17 PM            27,389 9c7d95e949fada6a8c479fe1ae10a87c.jpg"
"02/28/2019  07:17 PM            37,880 9c84890aaf6d057d4e9ed04eebe025f5.jpg"
"02/28/2019  07:17 PM            23,428 9c8d7eeba2bcfed3bd1fba0a7de3ed21.jpg"
"02/28/2019  07:17 PM            72,821 9c9705b091f764a27968d480e4b8f108.jpg"
"02/28/2019  07:17 PM            47,935 9c9d56b3da17fbcdb208e9420e6b2676.jpg"
"02/28/2019  07:17 PM            47,091 9c9e4d933c582b01c2a7512fbefa03cc.jpg"
"02/28/2019  07:17 PM            20,100 9ca507d7d5c8f925605807a13c904173.jpg"
"02/28/2019  07:17 PM            30,557 9ca5133b5bd48899a692ab0a6dd48849.jpg"
"02/28/2019  07:17 PM            21,001 9ca9b20d35a7f42036d66bdbf53a4c3d.jpg"
"02/28/2019  07:17 PM            28,732 9caa3789cfa67aa2a494e43b4af09e8b.jpg"
"02/28/2019  07:17 PM            31,494 9caace52fa9f2a2480bb731581b410dd.jpg"
"02/28/2019  07:17 PM            25,460 9caf23fed2ca9936d2e5dbabe00b1f23.jpg"
"02/28/2019  07:17 PM            31,414 9cb3e790efcfc5b50f1d5540d41580e9.jpg"
"02/28/2019  07:17 PM            59,803 9cbf65b904c9cca1bb2c315a8128d4b1.jpg"
"02/28/2019  07:17 PM            13,174 9cbfc099d179303e2eed12788c228a88.jpg"
"02/28/2019  07:17 PM            40,199 9cc252052c2a1b46364a38b77c3259f4.jpg"
"02/28/2019  07:17 PM            14,986 9cc2fe1b331667444eb25b60deebf645.jpg"
"02/28/2019  07:17 PM            38,283 9cccecca16c742f03c63da72b19e4d0b.jpg"
"02/28/2019  07:17 PM            32,810 9cd261b6eff68ddea2ddaadf2608c124.jpg"
"02/28/2019  07:17 PM            82,996 9cda2f95e578b99aa002d8ac2110c4fc.jpg"
"02/28/2019  07:17 PM            43,836 9cde54bb3e7768a02666aab0972df287.jpg"
"02/28/2019  07:17 PM            19,780 9ce6e9b061cf6b1a9a95297af51ae94f.jpg"
"02/28/2019  07:17 PM            44,396 9ce856febb7e0ea4b9b377cc853f4897.jpg"
"02/28/2019  07:17 PM            49,768 9cf1938e43a7489a20a0960e359cb68d.jpg"
"02/28/2019  07:17 PM            72,618 9cf4b302d8bcd40f375e2530fbaa6886.jpg"
"02/28/2019  07:17 PM            51,906 9cfe0210d59ea3c02589554b006c314f.jpg"
"02/28/2019  07:17 PM            32,534 9d024559062d855289c59de3071025c1.jpg"
"02/28/2019  07:17 PM            25,327 9d0e5786cd22d2fccab24a43fe41cd6e.jpg"
"02/28/2019  07:17 PM            41,228 9d10b5b62dda4bc5380d3e49e772ef60.jpg"
"02/28/2019  07:17 PM            37,862 9d194995dc94f4caa713c7f10675ffcd.jpg"
"02/28/2019  07:17 PM             4,261 9d1dc4b778eaa4778c917d9fbcce562c.jpg"
"02/28/2019  07:17 PM            26,338 9d2ae5a85851e683040338f0847f8334.jpg"
"02/28/2019  07:17 PM            52,348 9d2c85501bb6979842ce70b14d7e2cc7.jpg"
"02/28/2019  07:17 PM            45,935 9d2e3b93b13aee5d78f5609b6719773a.jpg"
"02/28/2019  07:17 PM            23,222 9d306df1a7045525b6c48593873b9b90.jpg"
"02/28/2019  07:17 PM            10,116 9d325d75b6e2e03cad97601d167d34eb.jpg"
"02/28/2019  07:17 PM            30,836 9d37609d023541f77fe7b4ea1d5c0964.jpg"
"02/28/2019  07:17 PM            36,626 9d3e9b13f485e09605e9f522ba64bd3f.jpg"
"02/28/2019  07:17 PM            26,416 9d4afa72a49b6f9356b0aa25d85a4d0c.jpg"
"02/28/2019  07:17 PM            25,629 9d4d5b37e1be32393d4d36014587d0fd.jpg"
"02/28/2019  07:17 PM             6,255 9d52096062c32db5ad10b3f3620becc4.jpg"
"02/28/2019  07:17 PM            40,959 9d52125fc365894c893af053c569dbb0.jpg"
"02/28/2019  07:17 PM            67,926 9d527d494199fae2aae200f5bf45120e.jpg"
"02/28/2019  07:17 PM            44,323 9d5350d6dddfb91fd8929607358de3a3.jpg"
"02/28/2019  07:17 PM            36,439 9d591f86fdd00f9731dc51d68c7b6323.jpg"
"02/28/2019  07:17 PM            40,410 9d5bfc96557a8cf257ed5882a9f625be.jpg"
"02/28/2019  07:17 PM            19,423 9d6538871f445d81c7cab1d4d7517e66.jpg"
"02/28/2019  07:17 PM            39,134 9d65928ef5d543159d80d036673ec61e.jpg"
"02/28/2019  07:17 PM            15,845 9d6923ebe18f316321de8b27da18ed5a.jpg"
"02/28/2019  07:17 PM            22,352 9d7ad4ab8dc4663ec7aeaf224f44610a.jpg"
"02/28/2019  07:17 PM            50,112 9d7d8eb49ef7d77a0b0e031daa33ec5a.jpg"
"02/28/2019  07:17 PM            14,075 9d876a62e20c672a72f8212c022f55d1.jpg"
"02/28/2019  07:17 PM            44,278 9d883cba542d85a500831fefab9b18c6.jpg"
"02/28/2019  07:17 PM            33,917 9d8e17a0f626f1324c3e840c3c6e9fd0.jpg"
"02/28/2019  07:17 PM            53,841 9d95afa759f8d795dcc7082e6ebf9290.jpg"
"02/28/2019  07:17 PM            23,343 9d97ca8c85b481e7b1245cd65ec8bd5f.jpg"
"02/28/2019  07:17 PM            15,966 9d9958dfbba1299fb3aca1fcb92a05bf.jpg"
"02/28/2019  07:17 PM            51,059 9db11a15d8e416fb26ed2d0d4e5f6e66.jpg"
"02/28/2019  07:17 PM             6,674 9dbac0afef24cdd32cfd3ebea8605a0c.jpg"
"02/28/2019  07:17 PM            19,693 9dc6dbeed6a6cfc487456999acd35ae6.jpg"
"02/28/2019  07:17 PM            36,480 9dcd7b11a8912762da46d5f69732e505.jpg"
"02/28/2019  07:17 PM            24,265 9ddd1ae51a25ed1480ed1c5774083bf3.jpg"
"02/28/2019  07:17 PM            15,097 9de0da9f690b1097aefb3d12e5f10cec.jpg"
"02/28/2019  07:17 PM            50,221 9de355552bcfb01109a8c0f653ab19a0.jpg"
"02/28/2019  07:17 PM            50,677 9de87aba130f43ecffe870790873e219.jpg"
"02/28/2019  07:17 PM            20,577 9df09fd2aad3967955ff244542179768.jpg"
"02/28/2019  07:17 PM            40,656 9df135b59caa3bf6bdbb06f1b08aa4b4.jpg"
"02/28/2019  07:17 PM            19,879 9df1fb7599c87c53f36fbe8f1937ea14.jpg"
"02/28/2019  07:17 PM            67,013 9df3b002399d8ba80f65a4f88133c8bc.jpg"
"02/28/2019  07:17 PM            31,510 9df681f21230a9b3ed3f0de27da107f9.jpg"
"02/28/2019  07:17 PM            23,820 9df8d047aef9f0a40aa467289ff11cb7.jpg"
"02/28/2019  07:17 PM            38,993 9e0bf1525bd861fe4a3c92c31d752cc5.jpg"
"02/28/2019  07:17 PM            48,421 9e0fc3554dff837746953b94c1240e62.jpg"
"02/28/2019  07:17 PM            27,076 9e101042bb00a2b1796d936c9c282ace.jpg"
"02/28/2019  07:17 PM            34,033 9e1198eb00e2bb4cf66dffdc0abfdcec.jpg"
"02/28/2019  07:17 PM            59,709 9e1224c66332635a1562596799527a0a.jpg"
"02/28/2019  07:17 PM            44,814 9e2301c48ea023a37d3b355f0e17b4f4.jpg"
"02/28/2019  07:17 PM            47,599 9e2ec9d4e7db203d2ba6558a62e54aff.jpg"
"02/28/2019  07:17 PM            40,185 9e3e305872e25abc382648ebc93fdb1f.jpg"
"02/28/2019  07:17 PM            19,454 9e4076f224a14567fcd7970d84671a6a.jpg"
"02/28/2019  07:17 PM            24,993 9e40d5186f0cadaf3512500664df0ef4.jpg"
"02/28/2019  07:17 PM            13,126 9e45095a968ba01cb1873e42523ba3ad.jpg"
"02/28/2019  07:17 PM            23,787 9e4686c68f6ba0ff1530ce8d20197e87.jpg"
"02/28/2019  07:17 PM            50,859 9e562d3ce29336fe8caf24b7a57e9893.jpg"
"02/28/2019  07:17 PM            39,972 9e59f1122867093fb01e3e864d4833fc.jpg"
"02/28/2019  07:17 PM            28,984 9e5b3bce5ab4cfa3026f914f91a26a60.jpg"
"02/28/2019  07:17 PM            16,872 9e5d2efa4652b8c7466cde1f470a2ea8.jpg"
"02/28/2019  07:17 PM            30,488 9e66b83891f3855f24593ef5ab6b99a5.jpg"
"02/28/2019  07:17 PM            21,701 9e72af813948e3349bc6b3454b4a6e52.jpg"
"02/28/2019  07:17 PM            51,556 9e7327c7131b0d388c20fb7b02bba04a.jpg"
"02/28/2019  07:17 PM             7,395 9e74135240ed6b2d32cf70cab95c1037.jpg"
"02/28/2019  07:17 PM            33,796 9e7495749b97877c9d23cc779899228c.jpg"
"02/28/2019  07:17 PM            37,896 9e784074154fad8a13f293c1f3de28e2.jpg"
"02/28/2019  07:17 PM            18,507 9e79894541d431090f567739eda19dac.jpg"
"02/28/2019  07:17 PM           103,299 9e7d3005a8c907faf17e552e24f3bea4.jpg"
"02/28/2019  07:17 PM            30,599 9e8232b5e5ad19762b520e3ae71f6a06.jpg"
"02/28/2019  07:17 PM            20,641 9e86daa6b3e7dd1081ff433668621988.jpg"
"02/28/2019  07:17 PM            40,521 9e91a19081cb3a56313df554a5950f20.jpg"
"02/28/2019  07:17 PM            36,966 9e930eeeb56b2d2bcb5862b14dee962d.jpg"
"02/28/2019  07:17 PM            17,531 9e95d3c9d5a616fcafaec3047d816bd1.jpg"
"02/28/2019  07:17 PM            20,603 9eaa7a13f259e77cd0b57e824ac7cd8f.jpg"
"02/28/2019  07:17 PM            20,286 9eabe6e62f291fdc86a79b2d87fcae30.jpg"
"02/28/2019  07:17 PM            51,399 9eb06361f4acb2c2213e5ae32e640653.jpg"
"02/28/2019  07:17 PM            18,641 9ebcadf00da2674bf7e1d5add39e4a01.jpg"
"02/28/2019  07:17 PM            47,116 9ebea812027d64d6588432f8907baa33.jpg"
"02/28/2019  07:17 PM            19,593 9ec1a5f9aacbab57bfe9cfa56db788c5.jpg"
"02/28/2019  07:17 PM            17,389 9ec769e34bc902bd9de458103e9347c8.jpg"
"02/28/2019  07:17 PM            29,434 9ec7ae3455863d4df0a46f4cf597a574.jpg"
"02/28/2019  07:17 PM            37,780 9ecaa9a16c74f6e818188b95785eab6b.jpg"
"02/28/2019  07:17 PM            23,505 9ed1e324b75e412a1b15672bf8b70f68.jpg"
"02/28/2019  07:17 PM            36,698 9ed420e0afa9b8a48fb3a256f2012856.jpg"
"02/28/2019  07:17 PM             8,899 9ed5e50262d6abbcb900222f995315a6.jpg"
"02/28/2019  07:17 PM             9,100 9edc8d82ae3fbcea9953b9a807419007.jpg"
"02/28/2019  07:17 PM            39,527 9ee85a81c98f14d7eb02c2cc0c17bb7d.jpg"
"02/28/2019  07:17 PM            22,009 9eea61fd6a1df05ec18e53edaa54b66d.jpg"
"02/28/2019  07:17 PM            17,044 9ef29dcfe911c49a72d44be38c7654a0.jpg"
"02/28/2019  07:17 PM            36,035 9ef2f087a8d1117c2c327ea4830988dc.jpg"
"02/28/2019  07:17 PM            34,572 9ef3b02e47e00a41a746e567b2f56a5c.jpg"
"02/28/2019  07:17 PM            18,559 9ef6a7bf2fa8073bcb37e266c36fa060.jpg"
"02/28/2019  07:17 PM            28,182 9efbdac7725fdb3416ba85fa35610e7d.jpg"
"02/28/2019  07:17 PM            23,561 9eff5d3f40de09241a6288d1b305685c.jpg"
"02/28/2019  07:17 PM            31,169 9f017d417a6d6517d6940a731be1d0ee.jpg"
"02/28/2019  07:17 PM            37,788 9f045f337a40c266d3bf2fdc5d530693.jpg"
"02/28/2019  07:17 PM            41,725 9f04a42304ebbc558a5cf0c3f46541b3.jpg"
"02/28/2019  07:17 PM            50,015 9f128fad88996b200f434ffe0f216f8a.jpg"
"02/28/2019  07:17 PM            24,676 9f1cbbf0833d8682b1743a2d398c86ee.jpg"
"02/28/2019  07:17 PM            43,913 9f250984e81dd6c988074d50c9353641.jpg"
"02/28/2019  07:17 PM            19,642 9f365081a22390fd3b2403a2786e8b0a.jpg"
"02/28/2019  07:17 PM           137,643 9f37e8ea16c98f6ab7034b4cc1f26a7b.jpg"
"02/28/2019  07:17 PM            75,970 9f4396298da38cd0b275a292021f8153.jpg"
"02/28/2019  07:17 PM            46,437 9f4b5c1a82e11669160067056bb0422a.jpg"
"02/28/2019  07:17 PM            22,651 9f4bbcd8a5b189514d3098516983621a.jpg"
"02/28/2019  07:17 PM            30,447 9f52665def77bac53f0cadf7b6aacd85.jpg"
"02/28/2019  07:17 PM            53,596 9f57531651e9b35af426537ad10fbc57.jpg"
"02/28/2019  07:17 PM            34,858 9f5755ec65e8e95409569e4de1c0614c.jpg"
"02/28/2019  07:17 PM            21,701 9f5a958ec0cb7eb7b4116c3f8b4cd602.jpg"
"02/28/2019  07:17 PM            42,084 9f5f68252297c32645853a602195fee3.jpg"
"02/28/2019  07:17 PM            29,237 9f60627d6b86a828f6c3c9da9dfbf4cb.jpg"
"02/28/2019  07:17 PM            28,773 9f625127b0c86f4ca625bcc1bab05914.jpg"
"02/28/2019  07:17 PM            24,792 9f6611b8dc4ef5b77e18135f713f8a4d.jpg"
"02/28/2019  07:17 PM            20,845 9f704010fc32a382763e1a7fc1a72a77.jpg"
"02/28/2019  07:17 PM            31,134 9f70a69a9c76bf2ae1b5dae98f064320.jpg"
"02/28/2019  07:17 PM            26,810 9f76579aebdf21cfd1b486b5a9d71ab1.jpg"
"02/28/2019  07:17 PM            35,803 9f849a1f535ee8b31401f717ac41140f.jpg"
"02/28/2019  07:17 PM            42,757 9f9d216eb2231f5e239ae9cfb44de4ac.jpg"
"02/28/2019  07:17 PM            54,976 9fa76cbcb7d09094eba9c56057c43287.jpg"
"02/28/2019  07:17 PM            36,208 9faec84c236be4a0d22b535e642344eb.jpg"
"02/28/2019  07:17 PM            20,526 9fb571b177bf3309afd6e9ec2aaf8cab.jpg"
"02/28/2019  07:17 PM            48,337 9fbc55434909504c4c47fa6ee36fb0b3.jpg"
"02/28/2019  07:17 PM            19,223 9fbe5a77b08362b4eb5b75b94597f144.jpg"
"02/28/2019  07:17 PM            36,795 9fc3dd94b5db3201db33501904df6dbf.jpg"
"02/28/2019  07:17 PM            35,333 9fcfefbf217313602eeb2d8645a3246c.jpg"
"02/28/2019  07:17 PM            25,534 9fd95b4b35bba0c2ae20ab6494ef0a93.jpg"
"02/28/2019  07:17 PM            49,017 9fd9fd649bc89fce77025352e09fdf48.jpg"
"02/28/2019  07:17 PM            24,398 9fe707aae29bcfa2933dee07013c678d.jpg"
"02/28/2019  07:17 PM            52,080 9feec66fed6fffc8139af290c04244b8.jpg"
"02/28/2019  07:17 PM            39,452 9ff1371a3fe3a025c2ca2dedc8cbfd05.jpg"
"02/28/2019  07:17 PM            68,011 9ff3d92861c94a3b144620b7575bfc90.jpg"
